abbreviation;abbreviation;;0
accounting;accounting;;0
ACG;ACG;;0
ACG or fandom slang;ACG fandom slang;;0
ACG slang;ACG slang;;0
advertising;advertising;;0
aeronautics;aeronautics;;0
aesthetic;aesthetic;;0
agent affix;agent-affix;;0
agriculture;agriculture;;0
algebra;algebra;;0
algebraic geometry;algebraic-geometry;;0
algebraic topology;algebraic-topology;;0
also attributive;also-attributive;;0
alternative medicine;alternative-medicine;;0
analytical chemistry;analytical-chemistry;;0
anatomy;anatomy;;0
ancient;ancient;x;0
ancient Chu dialect;ancient-Chu-dialect;x;0
ancient Qi dialect;ancient-Qi-dialect;x;0
ancient Sichuanese;ancient-Sichuanese;x;0
ancient southwestern China;ancient-southwestern-China;Cx;0
anesthesiology;anesthesiology;;0
anime;anime;;0
anthropology;anthropology;;0
appearance;appearance;;0
archaeology;archaeology;;0
archaic;archaic;x;0
archaic and uncommon;archaic uncommon;x;0
archaic or dialectal;archaic dialectal;x;0
archaic or Eastern Min;archaic Eastern-Min;x;0
archaic or Hakka;archaic Hakka;x;0
archaic or Hokkien;archaic Hokkien;x;0
archaic or Wu;archaic Wu;x;0
archaic or Xiang;archaic Xiang;x;0
archery;archery;;0
architecture;architecture;;0
arithmetic;arithmetic;;0
art;art;;0
artificial intelligence;artificial-intelligence;;0
astrology;astrology;;0
astronomy;astronomy;;0
astrophysics;astrophysics;;0
athletics;athletics;;0
atmosphere;atmosphere;;0
attributive;attributive;;0
attributive or poetic;attributive poetic;;0
attributively;attributively;;0
Australia;Australia;x;0
automotive;automotive;;0
auxiliary;auxiliary;;0
aviation;aviation;;0
aviation law;aviation-law;;0
bacteriology;bacteriology;;0
banking;banking;;0
baseball;baseball;;0
basketball;basketball;;0
BDSM;BDSM;;0
Beijing;Beijing;Cx;0
Beijing and Jilu Mandarin;Beijing-and-Jilu-Mandarin;Cx;0
Beijing and Tianjin Mandarin;Beijing-and-Tianjin-Mandarin;Cx;0
Beijing Mandarin;Beijing;Cx;1
biblical;biblical;;0
bibliography;bibliography;;0
billiards;billiards;;0
biochemistry;biochemistry;;0
biology;biology;;0
birds;birds;;0
board games;board-games;;0
bone;bone;;0
botany;botany;;0
broadcasting;broadcasting;;0
bronze inscriptions;bronze-inscriptions;;0
Brunei;Brunei;x;0
Buddhism;Buddhism;;0
Buddhism or figuratively;Buddhism figuratively;x;0
Buddhist;Buddhist;;0
business;business;;0
by extension;by-extension;;0
by synecdoche;by-synecdoche;;0
calculus;calculus;;0
calendar;calendar;;0
calligraphy;calligraphy;;0
Canada;Canada;x;0
Cantonese opera;Cantonese-opera;Cx;0
card games;card-games;;0
cardiology;cardiology;;0
cartography;cartography;;0
Cascading Style Sheets;Cascading-Style-Sheets;;0
category theory;category-theory;;0
Catholicism;Catholicism; ;0
cell biology;cell-biology;;0
Central Min;Central-Min;x;0
Central Plains;Central-Plains;Cx;0
Central Plains and Lanyin Mandarin;Central-Plains-and-Lanyin-Mandarin;Cx;0
Central Plains Mandarin;Central-Plains-Mandarin;Cx;0
Changsha Xiang;Changsha-Xiang;x;0
chemistry;chemistry;;0
chess;chess;;0
chess or figurative;chess figurative;;0
chiefly ACG;chiefly-ACG;;0
chiefly archaic;chiefly-archaic;x;0
chiefly attributive;chiefly-attributive;;0
chiefly Baptist;chiefly-Baptist;;0
chiefly Beijing Mandarin;chiefly-Beijing-Mandarin;Cx;0
chiefly Buddhism;chiefly-Buddhism;;0
chiefly Canada;chiefly-Canada;x;0
chiefly Catholicism;chiefly-Catholicism;;0
chiefly Christianity;chiefly-Christianity;;0
chiefly common law;chiefly-common-law;;0
chiefly dated;chiefly-dated;x;0
chiefly derogatory;chiefly-derogatory;;0
chiefly dialectal;chiefly-dialectal;-;0
chiefly dialectal Hakka;chiefly-dialectal-Hakka;x;0
chiefly dialectal Mandarin;chiefly-dialectal;-;0
chiefly during the Cultural Revolution;chiefly-during-the-Cultural-Revolution;x;0
chiefly Eastern Min;chiefly-Eastern-Min;x;0
chiefly fiction;chiefly-fiction;;0
chiefly figurative;chiefly-figurative;;0
chiefly figuratively;chiefly-figuratively;;0
chiefly gaming;chiefly-gaming;;0
chiefly Guangdong;chiefly-Guangdong;Cx;0
chiefly Hakka;chiefly-Hakka;x;0
chiefly historical;chiefly-historical;x;0
chiefly Hokkien;chiefly-Hokkien;x;0
chiefly Hong Kong;chiefly-HongKong;Cx;0
chiefly Hong Kong and Taiwan;chiefly-HongKong;t;0
chiefly in Australia;chiefly-in-Australia;x;0
chiefly in book titles;chiefly-in-book-titles;-;0
chiefly in compounds;;&;0
chiefly in Korean media;chiefly-Korean-media;x;0
chiefly in the negative;chiefly-in-the-negative;;0
chiefly Internet;chiefly-Internet;;0
chiefly Internet slang;chiefly-Internet-slang;;0
chiefly Jianghuai Mandarin;chiefly-Jianghuai-Mandarin;Cx;0
chiefly law;chiefly-law;;0
chiefly literally;chiefly-literally;;0
chiefly literary;chiefly-literary;;0
chiefly literary or poetic;chiefly-literary-or-poetic;;0
chiefly Macau;chiefly-Macau;Cx;0
chiefly Mainland China;;c;1
chiefly Mainland China and Hong Kong;HongKong;c;0
chiefly Mainland China and Taiwan;;;1
chiefly Mainland China Mandarin;;c;1
chiefly Malaysia;chiefly-Malaysia;x;0
Chiefly Mandarin;;;1
chiefly Mandarin;;;1
chiefly mathematics;chiefly-mathematics;;0
chiefly medicine;chiefly-medicine;;0
chiefly military;chiefly-military;;0
chiefly Min;chiefly-Min;x;0
chiefly Nanzhao;chiefly-Nanzhao;Cx;0
chiefly Northeastern Mandarin;chiefly-Northeastern-Mandarin;Cx;0
chiefly northern China;chiefly-northern-China;Cx;0
chiefly Northern China;chiefly-Northern-China;Cx;0
chiefly Northern Wu;chiefly-Northern-Wu;x;0
chiefly obsolete;chiefly-obsolete;x;0
chiefly of literature or art;chiefly-of-literature-or-art;;0
chiefly outside Malaysia and Singapore;chiefly-outside-Malaysia-and-Singapore;x;0
chiefly overseas;chiefly-overseas;x;0
chiefly Overseas Chinese;chiefly-Overseas-Chinese;x;0
chiefly Philippines;chiefly-Philippines;x;0
chiefly poetic;chiefly-poetic;;0
chiefly politics;chiefly-politics;;0
chiefly Protestantism;chiefly-Protestantism;;0
chiefly rail transport;chiefly-rail-transport;;0
chiefly regional;chiefly-regional;x;0
chiefly religion;chiefly-religion;;0
chiefly science fiction;chiefly-science-fiction;;0
chiefly Shanghainese;chiefly-Shanghainese;x;0
chiefly Shanghainese and Suzhounese;chiefly-Shanghainese-and-Suzhounese;x;0
chiefly Sichuanese;chiefly-Sichuanese;x;0
chiefly Singapore;chiefly-Singapore;x;0
chiefly Singapore and Malaysia;chiefly-Singapore-and-Malaysia;x;0
chiefly Southern Min;chiefly-Southern-Min;x;0
chiefly Southern Min and Hakka;chiefly-Southern-Min-and-Hakka;x;0
chiefly Southwestern Mandarin;chiefly-Southwestern-Mandarin;Cx;0
chiefly Suburban Shanghainese Wu;chiefly-Suburban-Shanghainese-Wu;x;0
chiefly Taishanese;chiefly-Taishanese;x;0
chiefly Taiwan;;t;1
chiefly Taiwan and Hong Kong;HongKong;t;0
chiefly Taiwan Hakka;chiefly-Taiwan-Hakka;x;0
chiefly Taiwanese Hokkien;chiefly-Taiwanese-Hokkien;x;0
chiefly Taiwanese Mandarin;;t;0
chiefly Teochew;chiefly-Teochew;x;0
chiefly traditional Chinese medicine;TCM;;0
chiefly used in rhetorical questions;chiefly-used-in-rhetorical-questions;;0
chiefly Vietnam;chiefly-Vietnam;x;0
chiefly Wu;chiefly-Wu;x;0
chiefly Xinjiang Mandarin;chiefly-Xinjiang-Mandarin;xC;0
chiefly Zhejiang Wu;chiefly-Zhejiang-Wu;x;0
childish;childish;;0
childish or cute-sounding;childish cute-sounding;;0
China;;C;1
Chinese astronomy;Chinese-astronomy;;0
Chinese calligraphy;Chinese-calligraphy;;0
Chinese character classification;Chinese-character-classification;;0
Chinese cuisine;Chinese-cuisine;;0
Chinese folk religion;Chinese-folk-religion;;0
Chinese history;Chinese-history;;0
Chinese linguistics;Chinese-linguistics;;0
Chinese mythology;Chinese-mythology;;0
Chinese opera;Chinese-opera;;0
Chinese philosophy;Chinese-philosophy;;0
Chinese phonetics;Chinese-phonetics;;0
Chinese religion;Chinese-religion;;0
Chinese typography;Chinese-typography;;0
Chinese-style;Chinese-style;;0
Christianity;Christianity;;0
Chuqu Wu;Chuqu-Wu;x;0
Church of the East;Church-of-the-East;;0
cinematography;cinematography;;0
civil law jurisdictions;civil-law-jurisdictions;;0
CJK typography;CJK-typography;;0
Classical;Classical;-;0
Classical Chinese;Classical;-;0
classical Chinese dance;classical-Chinese-dance;;0
classical mechanics;classical-mechanics;;0
Classical or dialectal;Classical dialectal;-;0
climatology;climatology;;0
climbing;climbing;;0
clothing;clothing;;0
coastal Min;coastal-Min;x;0
collective;collective;;0
collectively;collectively;;0
colloquial;colloquial;;0
colloquial Mandarin;colloquial;;1
colloquial or dialectal;colloquial dialectal;x;0
combinatorics;combinatorics;;0
commerce;commerce;;0
communication;communication;;0
communism;communism;;0
complex analysis;complex-analysis;;0
computer graphics;computer-graphics;;0
computer hardware;computer-hardware;;0
computer languages;computer-languages;;0
computer science;computer-science;;0
computer security;computer-security;;0
computing;computing;;0
computing slang;computing-slang;;0
computing theory;computing-theory;;0
Confucianism;Confucianism;;0
construction;construction;;0
contraception;contraception;;0
control theory;control-theory;;0
cooking;cooking;;0
copulative;copulative;;0
copyright law;copyright-law;;0
corrupted form;corrupted-form;;0
cosmetics;cosmetics;;0
cosmology;cosmology;;0
countable;countable;;0
crime;crime;;0
criminal law;criminal-law;;0
criminology;criminology;;0
crochet;crochet;;0
crossdressing slang;crossdressing-slang;;0
cryptocurrencies;cryptocurrencies;;0
cryptography;cryptography;;0
cryptozoology;cryptozoology;;0
crystallography;crystallography;;0
culture;culture;;0
cute-sounding;cute-sounding;;0
cycling;cycling;;0
cytology;cytology;;0
Dabu Hakka;Dabu-Hakka;x;0
Dafang;Dafang;x;0
Dalian Mandarin;Dalian-Mandarin;Cx;0
dance;dance;;0
Danyang Wu;Danyang-Wu;x;0
databases;databases;;0
dated;dated;x;0
dated in Cantonese;dated-in-Cantonese;x;0
dated in Hong Kong;dated HongKong;x;0
dated in Mainland China;dated;x;0
dated in Mainland China and Hong Kong;dated-in-Mainland-China-and-HongKong;x;0
dated in Mandarin;dated;x;0
dated in Shanghainese;dated-in-Shanghainese;x;0
dated in Wu;dated-in-Wu;x;0
dated in Xiamen and Quanzhou Hokkien;dated-in-Xiamen-and-Quanzhou-Hokkien;x;0
dated Internet slang;dated-Internet-slang;;0
dated or dialectal;dated dialectal;x;0
dated or dialectal in Mainland China;dated dialectal;Cx;0
dated or Dungan;dated Dungan;x;0
dated or formal;dated formal;x;0
dated or Hakka;dated Hakka;x;0
dated or Hokkien;dated Hokkien;x;0
dated or Hong Kong;dated HongKong;x;0
dated or informal;dated informal;;0
dated or Northern Min;dated Northern-Min;x;0
dated or overseas;dated overseas;x;0
dated or regional;dated regional;x;0
dated or Southern Min;dated Southern-Min;x;0
dated or Taishanese;dated Taishanese;x;0
dated or Taiwanese Hokkien;dated Taiwanese-Hokkien;x;0
dated Shanghainese;dated Shanghainese;x;0
Datian Min;Datian-Min;x;0
dentistry;dentistry;;0
dermatology;dermatology;;0
derogatory;derogatory;;0
derogatory or endearing;derogatory endearing;;0
derogatory or familiar;derogatory familiar;;0
derogatory or humble;derogatory-or-humble;;0
derogatory or humorous;derogatory humorous;;0
derogatory or self-deprecatory;derogatory self-deprecatory;;0
Dexing Huizhou;Dexing-Huizhou;x;0
dialect;dialect;;0
dialectal;dialectal;x;0
dialectal Eastern Min;dialectal-Eastern-Min;x;0
dialectal Gan;dialectal-Gan;x;0
dialectal Hakka;dialectal-Hakka;x;0
dialectal Jin;dialectal-Jin;x;0
dialectal Mandarin;dialectal;x;0
dialectal Northern Min;dialectal-Northern-Min;x;0
dialectal Northern Wu;dialectal-Northern-Wu;x;0
dialectal or Internet slang;dialectal-Internet-slang;;0
dialectal or slang;dialectal slang;;0
dialectal Wu;dialectal-Wu;x;0
dialectal Xiang;dialectal-Xiang;x;0
dialectology;dialectology;;0
dice games;dice-games;;0
differential geometry;differential-geometry;;0
diminutive;diminutive;;0
diplomacy;diplomacy;;0
disapproving;disapproving;;0
dismissal;dismissal;;0
ditransitive;ditransitive;;0
divination;divination;;0
Dong'an Tuhua;Dongan-Tuhua;x;0
drama;drama;;0
driving;driving;;0
Dungan;Dungan;x;0
dysphemistic;dysphemistic;;0
Early Mandarin;Early-Mandarin;x;0
Eastern Min;Eastern-Min;x;0
Eastern Min;Eastern-Min;x;0
Eastern Orthodoxy;Eastern-Orthodoxy;;0
ecology;ecology;;0
economics;economics;;0
economy;economy;;0
education;education;;0
electrical engineering;electrical-engineering;;0
electricity;electricity;;0
electrolytes;electrolytes;;0
electromagnetism;electromagnetism;;0
electronics;electronics;;0
embryology;embryology;;0
emphatic;emphatic;;0
endearing;endearing;;0
endearing or derogatory;endearing derogatory;;0
endocrinology;endocrinology;;0
engineering;engineering;;0
entertainment;entertainment;;0
entertainment industry;entertainment-industry;;0
entomology;entomology;;0
epidemiology;epidemiology;;0
epistemology;epistemology;;0
ergative;ergative;;0
erhua-ed;erhua-ed;;0
erhua-ed in Beijing Mandarin;erhua-ed-in-Beijing-Mandarin;;0
especially ACG;especially-ACG;;0
especially Hong Kong;especially-HongKong;x;0
especially Japanese;especially-Japanese;x;0
especially Mainland China;;C;0
especially medicine;especially-medicine;;0
especially Taiwan;;T;0
espionage;espionage;;0
ethics;ethics;;0
ethnic slur;ethnic-slur;;0
euphemistic;euphemistic;;0
evolutionary theory;evolutionary-theory;;0
exalted;exalted;;0
existentialism;existentialism;;0
expressive;expressive;;0
eye dialect;eye-dialect;x;0
familiar;familiar;;0
fandom slang;fandom-slang;;0
fantasy;fantasy;;0
fashion;fashion;;0
feminism;feminism;;0
fencing;fencing;;0
fengshui;fengshui;;0
fiction;fiction;;0
figurative;figurative;;0
figuratively;figuratively;;0
film;film;;0
finance;finance;;0
financial;financial;;0
firearms;firearms;;0
firefighting;firefighting;;0
fluid dynamics;fluid-dynamics;;0
fluid mechanics;fluid-mechanics;;0
folklore;folklore;;0
food;food;;0
foreignism;foreignism;;0
forestry;forestry;;0
formal;formal;;0
formal or dialectal;formal dialectal;;0
formal or literary;formal literary;;0
fossil word;fossil-word;;0
Fujian;Fujian;Cx;0
fungus;fungus;;0
Fuqing Eastern Min;Fuqing-Eastern-Min;x;0
Fuzhou Eastern Min;Fuzhou-Eastern-Min;x;0
fuzzy logic;fuzzy-logic;;0
gambling;gambling;;0
games;games;;0
gaming;gaming;;0
Gan;Gan;x;0
gastroenterology;gastroenterology;;0
gay sex;gay-sex;;0
gay slang;gay-slang;;0
genetics;genetics;;0
geography;geography;;0
geology;geology;;0
geometry;geometry;;0
geophysics;geophysics;;0
geopolitics;geopolitics;;0
go;go;;0
golf;golf;;0
government;government;;0
grammar;grammar;;0
graph theory;graph-theory;;0
graphical user interface;graphical-user-interface;;0
Greek mythology;Greek-mythology;;0
group theory;group-theory;;0
Guangdong;Guangdong;Cx;0
Guangxi;Guangxi;Cx;0
Guangxi Mandarin;Guangxi-Mandarin;Cx;0
Guangxi Yue;Guangxi-Yue;x;0
Guilin Mandarin;Guilin-Mandarin;Cx;0
Guiyang Mandarin;Guiyang-Mandarin;Cx;0
Guizhou;Guizhou;Cx;0
gymnastics;gymnastics;;0
gynaecology;gynaecology;;0
Haifeng Min;Haifeng-Min;x;0
Hailu Hakka;Hailu-Hakka;x;0
Hailufeng Min;Hailufeng-Min;x;0
Hainan;Hainan;Cx;0
Hainanese;Hainanese;x;0
Hakka;Hakka;x;0
Han dynasty;Han-dynasty;x;0
Handan Jin;Handan-Jin;x;0
Hangzhounese;Hangzhounese;x;0
Harbin Mandarin;Harbin-Mandarin;Cx;0
healthcare;healthcare;;0
hematology;hematology;;0
Hengyang Xiang;Hengyang-Xiang;x;0
hepatology;hepatology;;0
highly offensive;highly-offensive;;0
Hinduism;Hinduism;;0
histology;histology;;0
historical;historical;x;0
historical and archaic;historical archaic;x;0
historical astronomy;historical-astronomy;x;0
historical ethnography;historical-ethnography;;0
historical geometry;historical-geometry;;0
historical or literary;historical literary;;0
historical politics;historical-politics;;0
historiography;historiography;;0
history;history;;0
HK politics;HK-politics;;0
Hokkien;Hokkien;x;0
Hong Kong;HongKong;Cx;0
Hong Kong law;HongKong-law;Cx;0
honorific;honorific;;0
honorific or endearing;honorific endearing;;0
horse racing;horse-racing;;0
horticulture;horticulture;;0
Hui;Hui;x;0
Huizhou;Huizhou;Cx;0
humble;humble;;0
humorous;humorous;;0
humorous or derogatory;humorous derogatory;;0
humorous or offensive;humorous offensive;;0
humorous or sarcastic;humorous sarcastic;;0
humurous;humurous;;0
hyperbolic;hyperbolic;;0
I Ching;I-Ching;x;0
ichthyology;ichthyology;;0
ideophonic;ideophonic;;0
idiomatic;idiomatic;;0
idol fandom;idol-fandom;;0
immunology;immunology;;0
imperial;imperial;;0
impersonal;impersonal;;0
in ancient China;in-ancient-China;x;0
in compounds;;&;0
in compounds or dialectal;dialectal;&;0
in contexts related to Korea;in-contexts-related-to-Korea;;0
in martial arts;martial-arts;;0
in modern uses;in-modern-uses;;0
in place names;in-place-names;;0
in the negative;in-the-negative;;0
including Gan;Gan;x;0
including Hakka;Hakka;x;0
including Liuzhou Mandarin;Liuzhou-Mandarin;x;0
including Northeastern Mandarin;Northeastern-Mandarin;Cx;0
including Rudong Mandarin;Rudong-Mandarin;x;0
including Shanghainese;Shanghainese;x;0
including Southern Min;Southern-Min;x;0
including Tianjin Mandarin;Tianjin-Mandarin;x;0
Indonesia;Indonesia;x;0
Indonesia Hakka;Indonesia-Hakka;x;0
informal;informal;;0
informal or literary;informal literary;;0
information science;information-science;;0
information technology;information-technology;;0
information theory;information-theory;;0
inorganic chemistry;inorganic-chemistry;;0
insurance;insurance;;0
interjection;interjection;;0
international law;international-law;;0
Internet;Internet;;0
Internet gaming;Internet gaming;;0
Internet slang;Internet-slang;;0
interrogative;interrogative;;0
intransitive;intransitive;;0
ironic;ironic;;0
Islam;Islam;;0
Jainism;Jainism;;0
Japan;Japan;x;0
Japanese;Japanese;x;0
Japanese mythology;Japanese-mythology;x;0
Jianghuai and Southwestern Mandarin;Jianghuai-and-Southwestern-Mandarin;Cx;0
Jianghuai Mandarin;Jianghuai-Mandarin;Cx;0
Jiangle Min;Jiangle-Min;x;0
Jiangxi;Jiangxi;Cx;0
Jiangxi Hakka;Jiangxi-Hakka;x;0
Jiangyong Tuhua;Jiangyong-Tuhua;x;0
Jiaoliao and Central Plains Mandarin;Jiaoliao-and-Central-Plains-Mandarin;Cx;0
Jiaoliao Mandarin;Jiaoliao-Mandarin;Cx;0
Jilu;Jilu;x;0
Jilu Mandarin;Jilu-Mandarin;Cx;0
Jin;Jin;x;0
Jinan Mandarin;Jinan-Mandarin;Cx;0
Jinhua Wu;Jinhua-Wu;x;0
Jinjiang and Philippine Hokkien;Jinjiang-and-Philippine-Hokkien;x;0
Jinjiang Hokkien;Jinjiang-Hokkien;x;0
Jixi Huizhou;Jixi-Huizhou;x;0
Judaism;Judaism;;0
Kinmenese Hokkien;Kinmenese-Hokkien;x;0
Korea;Korea;x;0
Korean Classical Chinese;Korean-Classical-Chinese;x;0
Koreanology;Koreanology;;0
Lanyin;Lanyin;x;0
Lanyin and Southwestern Mandarin;Lanyin-and-Southwestern-Mandarin;Cx;0
Lanyin Mandarin;Lanyin-Mandarin;Cx;0
late Qing;late-Qing;x;0
late Qing dynasty;late-Qing-dynasty;x;0
laudatory;laudatory;;0
law;law;;0
law enforcement;law-enforcement;;0
law or generally;law generally;;0
Lechang Tuhua;Lechang-Tuhua;x;0
Leizhou Min;Leizhou-Min;x;0
lexicography;lexicography;;0
LGBTQ;LGBTQ;;0
LGBTQ slang;LGBTQ slang;;0
Liancheng Hakka;Liancheng-Hakka;x;0
library science;library-science;;0
Lichuan Gan;Lichuan-Gan;x;0
likely obsolete;likely-obsolete;x;0
linear algebra;linear-algebra;;0
linguistic morphology;linguistic-morphology;;0
linguistics;linguistics;;0
Linshao Wu;Linshao-Wu;x;0
Lishui Wu;Lishui-Wu;x;0
literal;literal;;0
literal or figurative;literal figurative;;0
literally;literally;;0
literally and figurative;literally figurative;;0
literally and figuratively;literally figuratively;;0
literally or figuratively;literally figuratively;;0
literary;literary;-;0
literary and archaic;literary archaic;-;0
literary and historical;literary historical;-;0
literary or archaic;literary archaic;-;0
literary or dialectal;literary dialectal;;0
literary or dialectal Mandarin;literary dialectal;;0
literary or Eastern Min;literary Eastern-Min;-;0
literary or formal;literary formal;;0
literary or Gan;literary Gan;-;0
literary or Hakka;literary Hakka;-;0
literary or historical;literary historical;-;0
literary or Hokkien;literary Hokkien;-;0
literary or Hong Kong;literary HongKong;-;0
literary or in compounds;literary;-&;0
literary or Malaysia;literary Malaysia;-;0
literary or Min;literary Min;-;0
literary or Northern Min;literary Northern-Min;-;0
literary or Northern Wu;literary Northern-Wu;-;0
literary or poetic;literary poetic;;0
literary or Puxian Min;literary Puxian-Min;-;0
literary or Quanzhou and Xiamen Hokkien;literary Quanzhou-and-Xiamen-Hokkien;-;0
literary or Quanzhou Hokkien;literary Quanzhou-Hokkien;-;0
literary or regional;literary regional;-;0
literary or Southern Min;literary Southern-Min;-;0
literary or Taiwanese Hakka;literary Taiwanese-Hakka;-;0
literary or Taiwanese Hokkien;literary Taiwanese-Hokkien;-;0
literary or Teochew;literary Teochew;-;0
literary or Wenzhounese;literary Wenzhounese;-;0
literary or Wu;literary Wu;-;0
literary or Xiamen;literary Xiamen;-;0
literary or Xiamen and Quanzhou Hokkien;literary Xiamen-and-Quanzhou-Hokkien;-;0
literary or Xiamen and Zhangzhou Hokkien;literary Xiamen-and-Zhangzhou-Hokkien;-;0
literary or Xiamen Hokkien;literary Xiamen-Hokkien;-;0
literary or Xiang;literary Xiang;-;0
literary or Zhangzhou Hokkien;literary Zhangzhou-Hokkien;-;0
literature;literature;;0
Liuzhou Mandarin;Liuzhou-Mandarin;Cx;0
loanword;loanword;;0
local;local;;0
lofty;lofty;;0
logic;logic;;0
Longyan Min;Longyan-Min;x;0
Loudi Xiang;Loudi-Xiang;x;0
low colloquial;low-colloquial;;0
Lukang Hokkien;Lukang-Hokkien;x;0
Luoyang Mandarin;Luoyang-Mandarin;Cx;0
Macau;Macau;Cx;0
Magong Hokkien;Magong-Hokkien;x;0
mahjong;mahjong;;0
Mainland China;;C;1
Mainland China and Philippine Hokkien;Mainland-China-and-Philippine-Hokkien;x;0
Mainland China Hokkien;Mainland-China-Hokkien;x;0
Mainland China Internet slang;Internet-slang;C;0
Mainland China Mandarin;;C;1
Mainland Chinese;;C;1
Malaysia;Malaysia;x;0
Malaysia and Singapore;Malaysia-and-Singapore;x;0
Malaysian;Malaysian;x;0
Malaysian and Singapore Hokkien;Malaysian-and-Singapore-Hokkien;x;0
Malaysian and Singapore Mandarin;Malaysian-and-Singapore-Mandarin;x;0
Malaysian Cantonese;Malaysian-Cantonese;x;0
Malaysian Hokkien;Malaysian-Hokkien;x;0
Malaysian Mandarin;Malaysian-Mandarin;x;0
management;management;;0
Manchukuo;Manchukuo;x;0
Mandarin;;;1
Manichaeism;Manichaeism;x;0
manufacturing;manufacturing;;0
Maoism;Maoism;;0
marketing;marketing;;0
martial arts;martial-arts;;0
Marxism;Marxism;;0
materials science;materials-science;;0
mathematical analysis;mathematical-analysis;;0
mathematics;mathematics;;0
Matsu Eastern Min;Matsu-Eastern-Min;x;0
mechanical engineering;mechanical-engineering;;0
mechanics;mechanics;;0
media;media;;0
medical genetics;medical-genetics;;0
medicine;medicine;;0
medicine or figurative;medicine figurative;;0
Meixian Hakka;Meixian-Hakka;x;0
metallurgy;metallurgy;;0
metalworking;metalworking;;0
meteorology;meteorology;;0
metonymically;metonymically;;0
microbiology;microbiology;;0
mildly rude;mildly-rude;;0
mildly vulgar;mildly-vulgar;;0
military;military;;0
military and figuratively;military figuratively;;0
military or figurative;military figurative;;0
military or figuratively;military figuratively;;0
Min;Min;x;0
minced oath;minced-oath;;0
mineralogy;mineralogy;;0
Ming and Qing dynasties;Ming-and-Qing-dynasties;x;0
Ming dynasty;Ming-dynasty;x;0
mining;mining;;0
mnemonic;mnemonic;;0
mobile telephony;mobile-telephony;;0
modern;modern;;0
modern usage;modern-usage;;0
modest;modest;;0
molecular biology;molecular-biology;;0
Móng Cái Cantonese;Móng-Cái-Cantonese;x;0
more often attributive;more-often-attributive;;0
Mormonism;Mormonism;;0
mostly in compounds;;&;0
Muping Mandarin;Muping-Mandarin;Cx;0
music;music;;0
music production;music-production;;0
Myanmar;Myanmar;x;0
mycology;mycology;;0
mythology;mythology;;0
mythology or religion;mythology religion;;0
Nanchang Gan;Nanchang-Gan;x;0
Nanjing Mandarin;Nanjing-Mandarin;Cx;0
Nanning Pinghua;Nanning-Pinghua;x;0
nanotechnology;nanotechnology;;0
narratology;narratology;;0
nautical;nautical;;0
navy;navy;;0
neologism;neologism;;0
nephrology;nephrology;;0
networking;networking;;0
neuroanatomy;neuroanatomy;;0
neurology;neurology;;0
neuroscience;neuroscience;;0
news;news;;0
nickname;nickname;;0
Ningbonese;Ningbonese;x;0
nonstandard;nonstandard;x;0
Norse mythology;Norse-mythology;x;0
Northeastern;Northeastern;Cx;0
Northeastern Mandarin;Northeastern-Mandarin;x;0
Northern China;Northern-China;Cx;0
northern China;Northern-China;Cx;0
Northern Mandarin;Northern-Mandarin;Cx;0
Northern Min;Northern-Min;x;0
Northern Pinghua;Northern-Pinghua;x;0
Northern Thai Mandarin;Northern-Thai-Mandarin;x;0
Northern Wu;Northern-Wu;x;0
now chiefly Central Plains and Jilu Mandarin;chiefly-Central-Plains-and-Jilu-Mandarin;Cx;0
now chiefly Taiwan;;t;0
now dated;dated;x;0
now derogatory;derogatory;;0
now dialectal;dialectal;x;0
now dialectal or in compounds;dialectal;&;0
now in compounds;;&;0
now in compounds or dialectal;dialectal;&;0
now often derogatory;often-derogatory;;0
now rare;rare;x;0
now slang;slang;;0
now uncommon;uncommon;x;0
nuclear physics;nuclear-physics;;0
number theory;number-theory;;0
numeral;numeral;;0
numerical analysis;numerical-analysis;;0
numismatics;numismatics;;0
nutrition;nutrition;;0
object-oriented programming;object-oriented-programming;;0
obsolete;obsolete;x;0
obsolete in Mainland China;obsolete-in-Mainland-China;x;0
obsolete or dialectal;obsolete dialectal;x;0
obsolete or Eastern Min;obsolete Eastern-Min;x;0
obsolete or historical;obsolete historical;x;0
obsolete or Hokkien;obsolete Hokkien;x;0
obsolete or in compounds;obsolete;&;0
obsolete or Min;obsolete Min;x;0
obsolete or Southern Min;obsolete Southern-Min;x;0
obsolete or Taiwanese Hokkien;obsolete Taiwanese-Hokkien;x;0
obsolete or Teochew;obsolete Teochew;x;0
obstetrics;obstetrics;;0
oceanography;oceanography;;0
offensive;offensive;;0
official;official;;0
officialese;officialese;;0
often as a curse;often-as-a-curse;;0
often attributive;often-attributive;;0
often childish;often-childish;;0
often derogatory;often-derogatory;;0
often endearing;often-endearing;;0
often figurative;often-figurative;;0
often honorific;often-honorific;;0
often humble;often-humble;;0
often humorous;often-humorous;;0
often imperative;often-imperative;;0
often ironic;often-ironic;;0
often offensive;often-offensive;;0
often officialese;often-officialese;;0
often pejorative;often-pejorative;;0
often poetic;often-poetic;;0
often self-deprecating;often-self-deprecatory;;0
often self-deprecatory;often-self-deprecatory;;0
often used attributively;often-used-attributively;;0
often used in the negative;chiefly-in-the-negative;;0
oil industry;oil-industry;;0
old;old;x;0
oncology;oncology;;0
online gaming;online-gaming;;0
only in compounds;;&;0
only used in placenames;in-place-names;;0
onomatapoeia;onomatapoeia;;0
onomatopoeia;onomatopoeia;;0
onomatopoeic;onomatopoeia;;0
open-source software;open-source-software;;0
opera;opera;;0
operating systems;operating-systems;;0
ophthalmology;ophthalmology;;0
optics;optics;;0
or in compounds;;&;0
organic chemistry;organic-chemistry;;0
original meaning;original-meaning;;0
originally;originally;;0
originally ACG;originally-ACG;;0
originally Beijing Mandarin;originally-Beijing-Mandarin;Cx;0
originally Buddhism;originally-Buddhism;;0
originally Cantonese;originally-Cantonese;x;0
originally derogatory;originally-derogatory;;0
originally dialectal;originally-dialectal;x;0
originally dialectal Mandarin;originally-dialectal-Mandarin;x;0
originally Hokkien;originally-Hokkien;x;0
originally Hong Kong Cantonese;originally-HongKong-Cantonese;x;0
originally Internet slang;originally-Internet-slang;;0
originally literary;originally-literary;;0
originally Mainland China;originally-Mainland-China;C;0
originally Northeastern Mandarin;originally-Northeastern-Mandarin;Cx;0
originally Northern Wu;originally-Northern-Wu;x;0
originally Shanghainese;originally-Shanghainese;x;0
originally Taiwan;originally-Taiwan;T;0
originally Teochew;originally-Teochew;x;0
originally Wu;originally-Wu;;0
ornithology;ornithology;;0
Orthodoxy;Orthodoxy;x;0
orthographically archaic;orthographically-archaic;x;0
orthography;orthography;;0
overseas;overseas;x;0
painting;painting;;0
palaeography;palaeography;;0
paleontology;paleontology;;0
palmistry;palmistry;;0
parasitology;parasitology;;0
particle physics;particle-physics;;0
pathology;pathology;;0
Penang Hokkien;Penang-Hokkien;x;0
petrology;petrology;;0
pharmacology;pharmacology;;0
pharmacy;pharmacy;;0
phenomenology;phenomenology;;0
philately;philately;;0
Philippine Hokkien;Philippine-Hokkien;x;0
Philippines;Philippines;x;0
philosophy;philosophy;;0
phonetic;phonetic;;0
phonetics;phonetics;;0
phonology;phonology;;0
photography;photography;;0
physical chemistry;physical-chemistry;;0
physics;physics;;0
physiognomy;physiognomy;;0
physiology;physiology;;0
phytopathology;phytopathology;;0
Pinghua;Pinghua;x;0
Pingxiang Gan;Pingxiang-Gan;x;0
planetology;planetology;;0
plumbing;plumbing;;0
poetic;poetic;;0
poetry;poetry;;0
poker;poker;;0
polite;polite;;0
political science;political-science;;0
politics;politics;;0
pornography;pornography;;0
position title;position-title;;0
positive;positive;;0
possibly dated;possibly-dated;x;0
possibly derogatory;possibly-derogatory;;0
post-Qin;post-Qin;x;0
postpositional;postpositional;;0
potentially offensive;potentially-offensive;;0
pottery;pottery;;0
prefix;prefix;;0
printing;printing;;0
probability;probability;;0
probability theory;probability-theory;;0
programming;programming;;0
property;property;;0
proscribed;proscribed;;0
prosody;prosody;;0
Protestantism;Protestantism;;0
Protestantism or secular;Protestantism-or-secular;;0
pseudoscience;pseudoscience;;0
psychiatry;psychiatry;;0
psychology;psychology;;0
public policy;public-policy;;0
public relations;public-relations;;0
publishing;publishing;;0
pulmonology;pulmonology;;0
Putian Puxian Min;Putian-Puxian-Min;x;0
Puxian Min;Puxian-Min;x;0
qigong;qigong;;0
Qing dynasty;Qing-dynasty;x;0
Qing-era;Qing-era;x;0
quantum computing;quantum-computing;;0
quantum mechanics;quantum-mechanics;;0
Quanzhou;Quanzhou;Cx;0
Quanzhou and Philippine Hokkien;Quanzhou-and-Philippine-Hokkien;x;0
Quanzhou and Singapore Hokkien;Quanzhou-and-Singapore-Hokkien;x;0
Quanzhou and Taiwanese Hokkien;Quanzhou-and-Taiwanese-Hokkien;x;0
Quanzhou and Xiamen Hokkien;Quanzhou-and-Xiamen-Hokkien;x;0
Quanzhou and Zhangzhou Hokkien;Quanzhou-and-Zhangzhou-Hokkien;x;0
Quanzhou Hokkien;Quanzhou-Hokkien;x;0
radio;radio;;0
rail transport;rail-transport;;0
railway;railway;;0
rare;rare;x;0
real estate;real-estate;;0
regional;regional;;0
regional or dated;regional dated;x;0
regional or dialectal;regional dialectal;x;0
relativity;relativity;;0
religion;religion;;0
religion or figuratively;religion figuratively;;0
religious slur;religious-slur;;0
respectful;respectful;;0
rhetoric;rhetoric;;0
rhetorical;rhetorical;;0
rhetorical question;rhetorical-question;;0
ring theory;ring-theory;;0
roleplaying games;roleplaying-games;;0
Roman Catholicism;Roman-Catholicism;;0
Roman mythology;Roman-mythology;;0
Sanxiang Min;Sanxiang-Min;x;0
sarcastic;sarcastic;;0
sarcastic or offensive;sarcastic offensive;;0
school slang;school-slang;;0
science fiction;science-fiction;;0
sciences;sciences;;0
seismology;seismology;;0
self-address;self-address;;0
self-deprecatory;self-deprecatory;;0
self-depreciatory;self-deprecatory;;0
self-reflexive;self-reflexive;;0
semantics;semantics;;0
set phrase;set-phrase;;0
set theory;set-theory;;0
sewing;sewing;;0
sex;sex;;0
Shaanxi;Shaanxi;Cx;0
Shadi Wu;Shadi-Wu;x;0
Shandong;Shandong;Cx;0
Shanghainese;Shanghainese;x;0
Shanxi;Shanxi;Cx;0
Shaojiang Min;Shaojiang-Min;x;0
Shaowu Min;Shaowu-Min;x;0
Shaxian Central Min;Shaxian-Central-Min;x;0
Shehua;Shehua;x;0
Shijiazhuang Mandarin;Shijiazhuang-Mandarin;Cx;0
Shinto;Shinto;x;0
short form;short-form;;0
Sichuan Hakka;Sichuan-Hakka;x;0
Sichuanese;Sichuanese;x;0
Sichuanese or Internet slang;Sichuanese Internet-slang;Cx;0
signal processing;signal-processing;;0
simile;simile;;0
Singapore;Singapore;x;0
Singapore and Taiwanese Hokkien;Singapore-and-Taiwanese-Hokkien;x;0
Singapore Hokkien;Singapore-Hokkien;x;0
Singapore Mandarin;Singapore-Mandarin;x;0
Singapore Teochew;Singapore-Teochew;x;0
Siyi Yue;Siyi-Yue;x;0
slang;slang;;0
Slavic mythology;Slavic-mythology;;0
slightly derogatory;slightly-derogatory;;0
slightly vulgar;slightly-vulgar;;0
snooker;snooker;;0
soccer;soccer;;0
social media;social-media;;0
socialism;socialism;;0
sociolinguistics;sociolinguistics;;0
sociology;sociology;;0
softball;softball;;0
software;software;;0
software compilation;software-compilation;;0
software engineering;software-engineering;;0
sometimes derogatory;sometimes-derogatory;;0
sometimes euphemistic;sometimes-euphemistic;;0
sometimes humble;sometimes-humble;;0
sometimes humorous;sometimes-humorous;;0
sometimes nonstandard;sometimes-nonstandard;x;0
sometimes offensive;sometimes-offensive;;0
sometimes pejorative;sometimes-pejorative;;0
sometimes sarcastic;sometimes-sarcastic;;0
somewhat dated;somewhat-dated;x;0
somewhat humorous;somewhat-humorous;;0
Song;Song;x;0
Song dynasty;Song-dynasty;x;0
Songjiang Wu;Songjiang-Wu;x;0
sound;sound;;0
sound engineering;sound-engineering;;0
South Korea;South-Korea;x;0
South Korean idol fandom;South-Korean-idol-fandom;;0
Southeast Asia;Southeast-Asia;x;0
Southern China;Southern-China;Cx;0
southern China;southern-China;Cx;0
southern Fujian;southern-Fujian;Cx;0
Southern Min;Southern-Min;x;0
Southern Pinghua;Southern-Pinghua;x;0
Southern Sixian Hakka;Southern-Sixian-Hakka;x;0
southern Taiwan;southern-Taiwan;Tx;0
Southern Wu;Southern-Wu;x;0
Southwestern Mandarin;Southwestern-Mandarin;Cx;0
space science;space-science;;0
specifically;specifically;;0
sports;sports;;0
Spring and Autumn period;Spring-and-Autumn-period;x;0
statistics;statistics;;0
still used in Hokkien;still-used-in-Hokkien;x;0
still used in Taiwan;;T;1
stock market;stock-market;;0
suffix;suffix;;0
Sujiahu Wu;Sujiahu-Wu;x;0
surgery;surgery;;0
Suzhounese;Suzhounese;x;0
swimming;swimming;;0
synecdochically;synecdochically;;0
systems theory;systems-theory;;0
table tennis;table-tennis;;0
Tainan Hokkien;Tainan-Hokkien;x;0
Taishanese;Taishanese;x;0
Taiwan;;T;1
Taiwan Internet slang;Internet-slang;T;1
Taiwan or Hokkien;Hokkien;T;1
Taiwan or Southern Min;Taiwan Southern-Min;T;1
Taiwan politics;politics;T;1
Taiwanese;Taiwanese;x;0
Taiwanese and Philippine Hokkien;Taiwanese-and-Philippine-Hokkien;x;0
Taiwanese and Singapore Hokkien;Taiwanese-and-Singapore-Hokkien;x;0
Taiwanese Hakka;Taiwanese-Hakka;x;0
Taiwanese Hokkien;Taiwanese-Hokkien;x;0
Taiwanese Hokkien and Hakka;Taiwanese-Hokkien-and-Hakka;x;0
Taiwanese Mandarin;;T;1
Taiyuan Jin;Taiyuan-Jin;x;0
Tang dynasty;Tang-dynasty;x;0
Taoism;Taoism; ;0
tarot;tarot;;0
taxation;taxation;;0
taxonomy;taxonomy;;0
technical;technical;;0
technology;technology;;0
telecommunications;telecommunications;;0
telephony;telephony;;0
television;television;;0
tennis;tennis;;0
Teochew;Teochew;x;0
term of abuse;term-of-abuse;;0
term of endearment;term-of-endearment;;0
text messaging;text-messaging;;0
Thai Teochew;Thai-Teochew;x;0
Thailand;Thailand;x;0
theater;theater;;0
theatre;theatre;;0
theology;theology;;0
thermodynamics;thermodynamics;;0
Tianjin Mandarin;Tianjin-Mandarin;Cx;0
Tiaoxi Wu and Yongjiang Wu;Tiaoxi-Wu-and-Yongjiang-Wu;x;0
Tibet;Tibet;Cx;0
Tibetan Buddhism;Tibetan-Buddhism;;0
Tong-Tai Mandarin;Tong-Tai-Mandarin;Cx;0
Tong'an Hokkien;Tongan-Hokkien;x;0
topology;topology;;0
toxicology;toxicology;;0
trademark;trademark;;0
trading;trading;;0
traditional Chinese medicine;TCM;;0
traditional Chinese medicine or colloquial;TCM colloquial;;0
transgender slang;transgender-slang;;0
transitive;transitive;;0
translation studies;translation-studies;;0
transport;transport;;0
transportation system;transportation-system;;0
travel;travel;;0
trigonometry;trigonometry;;0
typically attributive;typically-attributive;;0
typography;typography;;0
uncommon;uncommon;x;0
uncommon or local;uncommon local;x;0
uncountable;uncountable;;0
units of measure;units-of-measure;;0
unofficial;unofficial;;0
uranography;uranography;;0
urban studies;urban-studies;;0
urology;urology;;0
Ürümqi Mandarin;Ürümqi-Mandarin;Cx;0
US politics;US-politics;;0
used in compounds;;&;0
used in the negative;in-the-negative;;0
usually adverbial;usually-adverbial;;0
usually attributive;usually-attributive;;0
usually derogatory;usually-derogatory;;0
usually erhua-ed;usually-erhua-ed;;0
usually honorific;usually-honorific;;0
usually humble;usually-humble;;0
usually imperative;usually-imperative;;0
usually in compounds;;&;0
usually in negative;chiefly-in-the-negative;;0
usually in negative sentences;chiefly-in-the-negative;;0
usually in the negative;chiefly-in-the-negative;;0
usually intransitive;usually-intransitive;;0
usually negative;usually-negative;;0
usually used in compounds;;&;0
vaccinology;vaccinology;;0
veterinary medicine;veterinary-medicine;;0
video games;video-games;;0
videography;videography;;0
Vietnam;Vietnam;x;0
Vietnamese history;Vietnamese-history;;0
virology;virology;;0
volcanology;volcanology;;0
vulgar;vulgar;;0
Wanrong Mandarin;Wanrong-Mandarin;Cx;0
Warring States period;Warring-States-period;x;0
Waxiang;Waxiang;x;0
weaponry;weaponry;;0
weather;weather;;0
web design;web-design;;0
web development;web-development;;0
weightlifting;weightlifting;;0
Wenzhounese;Wenzhounese;x;0
Western and Linshao Wu;Western-and-Linshao-Wu;x;0
Western typography;Western-typography;;0
wiki jargon;wiki-jargon;;0
Wikimedia jargon;Wikimedia-jargon;;0
wine;wine;;0
woodworking;woodworking;;0
wrestling;wrestling;;0
writing;writing;;0
written;written;;0
Wu;Wu;x;0
Wuhan Mandarin;Wuhan-Mandarin;Cx;0
Xi'an Mandarin;Xian-Mandarin;Cx;0
Xiamen;Xiamen;x;0
Xiamen;Xiamen;Cx;
Xiamen and Philippine Hokkien;Xiamen-and-Philippine-Hokkien;x;0
Xiamen and Quanzhou Hokkien;Xiamen-and-Quanzhou-Hokkien;x;0
Xiamen and Taiwanese Hokkien;Xiamen-and-Taiwanese-Hokkien;x;0
Xiamen and Zhangzhou Hokkien;Xiamen-and-Zhangzhou-Hokkien;x;0
Xiamen Hokkien;Xiamen-Hokkien;x;0
Xiang;Xiang;x;0
xiangqi;xiangqi;;0
Xianyou Puxian Min;Xianyou-Puxian-Min;x;0
xiehouyu;xiehouyu;;0
Xining Mandarin;Xining-Mandarin;Cx;0
Xinjiang Mandarin;Xinjiang-Mandarin;Cx;0
Xinzhou Jin;Xinzhou-Jin;x;0
Xuzhou Mandarin;Xuzhou-Mandarin;Cx;0
Yangjiang Yue;Yangjiang-Yue;x;0
Yangzhou Mandarin;Yangzhou-Mandarin;Cx;0
Yinchuan Mandarin;Yinchuan-Mandarin;Cx;0
Yongchun Hokkien;Yongchun-Hokkien;x;0
Yuan;Yuan;x;0
Yuan dynasty;Yuan-dynasty;x;0
Yudu Hakka;Yudu-Hakka;x;0
Yuebei Tuhua;Yuebei-Tuhua;x;0
Yulan;Yulan;x;0
Yulin Yue;Yulin-Yue;x;0
Yunnan Mandarin;Yunnan-Mandarin;Cx;0
Zhangping and Taiwanese Hokkien;Zhangping-and-Taiwanese-Hokkien;x;0
Zhangzhou;Zhangzhou;x;0
Zhangzhou and Taiwanese Hokkien;Zhangzhou-and-Taiwanese-Hokkien;x;0
Zhangzhou and Taiwanese Hokkien and Mandarin;Zhangzhou-and-Taiwanese-Hokkien-and-Mandarin;Tx;0
Zhangzhou Hokkien;Zhangzhou-Hokkien;x;0
Zhao'an Hakka;Zhaoan-Hakka;x;0
Zhao'an Hokkien;Zhaoan-Hokkien;x;0
Zhejiang Wu;Zhejiang-Wu;x;0
Zhongshan Min;Zhongshan-Min;x;0
zoology;zoology;;0
